Papaver somniferum (Opium poppy), 113328160, phenylalanine ammonia-lyase-like, KO:K10775, EC:4.3.1.24, Papaver somniferum (Opium poppy), 113294591, phenylalanine ammonia-lyase-like, 
KO:K10775, EC:4.3.1.24, Papaver somniferum (Opium poppy), 113310719, phenylalanine ammonia-lyase 1-like, KO:K10775, EC:4.3.1.24, 
Papaver somniferum (Opium poppy), 113298633, phenylalanine ammonia-lyase 1, KO:K10775, EC:4.3.1.24, Papaver somniferum (Opium poppy), 113338846, 
phenylalanine ammonia-lyase 1-like, KO:K10775, EC:4.3.1.24, Papaver somniferum (Opium poppy), 113310130, phenylalanine ammonia-lyase 1-like, KO:K10775, 
EC:4.3.1.24, Papaver somniferum (Opium poppy), 113322609, trans-cinnamate 4-monooxygenase, KO:K00487, EC:1.14.14.91, Papaver somniferum (Opium poppy), 
113310740, trans-cinnamate 4-monooxygenase-like, KO:K00487, EC:1.14.14.91, Papaver somniferum (Opium poppy), 113320805, 4-coumarate--CoA ligase 2-like, 
KO:K01904, EC:6.2.1.12, Papaver somniferum (Opium poppy), 113322461, 4-coumarate--CoA ligase-like 6, KO:K01904, EC:6.2.1.12, 
Papaver somniferum (Opium poppy), 113344441, 4-coumarate--CoA ligase 2-like, KO:K01904, EC:6.2.1.12, Papaver somniferum (Opium poppy), 113276897, 
4-coumarate--CoA ligase 2-like, KO:K01904, EC:6.2.1.12, Papaver somniferum (Opium poppy), 113339745, 4-coumarate--CoA ligase 2-like, KO:K01904, 
EC:6.2.1.12, Papaver somniferum (Opium poppy), 113319058, 4-coumarate--CoA ligase 2-like, KO:K01904, EC:6.2.1.12, Papaver somniferum (Opium poppy), 
113320502, 4-coumarate--CoA ligase-like 1, KO:K01904, EC:6.2.1.12, Papaver somniferum (Opium poppy), 113342567, 4-coumarate--CoA ligase-like 1, 
KO:K01904, EC:6.2.1.12, Papaver somniferum (Opium poppy), 113298660, 4-coumarate--CoA ligase-like 7, KO:K01904, EC:6.2.1.12, 
Papaver somniferum (Opium poppy), 113310170, 4-coumarate--CoA ligase-like 7, KO:K01904, EC:6.2.1.12, Papaver somniferum (Opium poppy), 113310171, 
4-coumarate--CoA ligase-like 7, KO:K01904, EC:6.2.1.12, Papaver somniferum (Opium poppy), 113277777, 4-coumarate--CoA ligase 2-like, KO:K01904, 
EC:6.2.1.12, Papaver somniferum (Opium poppy), 113337745, 4-coumarate--CoA ligase 2-like, KO:K01904, EC:6.2.1.12, Papaver somniferum (Opium poppy), 
113310713, 4-coumarate--CoA ligase-like 9, KO:K01904, EC:6.2.1.12, Papaver somniferum (Opium poppy), 113328656, vinorine synthase-like, 
KO:K13065, EC:2.3.1.133, Papaver somniferum (Opium poppy), 113328720, shikimate O-hydroxycinnamoyltransferase-like, KO:K13065, EC:2.3.1.133, 
Papaver somniferum (Opium poppy), 113272562, tryptamine hydroxycinnamoyltransferase 1-like, KO:K13065, EC:2.3.1.133, Papaver somniferum (Opium poppy), 113278599, 
agmatine coumaroyltransferase-2-like, KO:K13065, EC:2.3.1.133, Papaver somniferum (Opium poppy), 113278601, agmatine coumaroyltransferase-2-like, KO:K13065, 
EC:2.3.1.133, Papaver somniferum (Opium poppy), 113329080, shikimate O-hydroxycinnamoyltransferase-like, KO:K13065, EC:2.3.1.133, Papaver somniferum (Opium poppy), 
113335517, salutaridinol 7-O-acetyltransferase-like, KO:K13065, EC:2.3.1.133, Papaver somniferum (Opium poppy), 113286848, shikimate O-hydroxycinnamoyltransferase-like, 
KO:K13065, EC:2.3.1.133, Papaver somniferum (Opium poppy), 113339257, tryptamine hydroxycinnamoyltransferase 2-like, KO:K13065, EC:2.3.1.133, 
Papaver somniferum (Opium poppy), 113339443, shikimate O-hydroxycinnamoyltransferase-like, KO:K13065, EC:2.3.1.133, Papaver somniferum (Opium poppy), 113339791, 
shikimate O-hydroxycinnamoyltransferase-like, KO:K13065, EC:2.3.1.133, Papaver somniferum (Opium poppy), 113290492, tryptamine hydroxycinnamoyltransferase 2-like, KO:K13065, 
EC:2.3.1.133, Papaver somniferum (Opium poppy), 113329805, vinorine synthase-like, KO:K13065, EC:2.3.1.133, Papaver somniferum (Opium poppy), 
113329834, vinorine synthase-like, KO:K13065, EC:2.3.1.133, Papaver somniferum (Opium poppy), 113329837, vinorine synthase-like, 
KO:K13065, EC:2.3.1.133, Papaver somniferum (Opium poppy), 113285437, tryptamine hydroxycinnamoyltransferase 1-like, KO:K13065, EC:2.3.1.133, 
Papaver somniferum (Opium poppy), 113285438, tryptamine hydroxycinnamoyltransferase 1-like, KO:K13065, EC:2.3.1.133, Papaver somniferum (Opium poppy), 113287013, 
tryptamine hydroxycinnamoyltransferase 2-like, KO:K13065, EC:2.3.1.133, Papaver somniferum (Opium poppy), 113295099, vinorine synthase-like, KO:K13065, 
EC:2.3.1.133, Papaver somniferum (Opium poppy), 113317937, agmatine coumaroyltransferase-2-like, KO:K13065, EC:2.3.1.133, Papaver somniferum (Opium poppy), 
113278961, vinorine synthase-like, KO:K13065, EC:2.3.1.133, Papaver somniferum (Opium poppy), 113278963, vinorine synthase-like, 
KO:K13065, EC:2.3.1.133, Papaver somniferum (Opium poppy), 113291748, vinorine synthase-like, KO:K13065, EC:2.3.1.133, 
Papaver somniferum (Opium poppy), 113293955, salutaridinol 7-O-acetyltransferase-like, KO:K13065, EC:2.3.1.133, Papaver somniferum (Opium poppy), 113323848, 
shikimate O-hydroxycinnamoyltransferase-like, KO:K13065, EC:2.3.1.133, Papaver somniferum (Opium poppy), 113343787, vinorine synthase-like, KO:K13065, 
EC:2.3.1.133, Papaver somniferum (Opium poppy), 113343868, agmatine coumaroyltransferase-2-like, KO:K13065, EC:2.3.1.133, Papaver somniferum (Opium poppy), 
113343871, agmatine coumaroyltransferase-2-like, KO:K13065, EC:2.3.1.133, Papaver somniferum (Opium poppy), 113343874, putrescine hydroxycinnamoyltransferase 3-like, 
KO:K13065, EC:2.3.1.133, Papaver somniferum (Opium poppy), 113343875, agmatine hydroxycinnamoyltransferase 1-like, KO:K13065, EC:2.3.1.133, 
Papaver somniferum (Opium poppy), 113343880, agmatine coumaroyltransferase-2-like, KO:K13065, EC:2.3.1.133, Papaver somniferum (Opium poppy), 113343922, 
agmatine coumaroyltransferase-2-like, KO:K13065, EC:2.3.1.133, Papaver somniferum (Opium poppy), 113344094, shikimate O-hydroxycinnamoyltransferase-like, KO:K13065, 
EC:2.3.1.133, Papaver somniferum (Opium poppy), 113282563, tryptamine hydroxycinnamoyltransferase 2-like, KO:K13065, EC:2.3.1.133, Papaver somniferum (Opium poppy), 
113301872, tryptamine hydroxycinnamoyltransferase 1-like, KO:K13065, EC:2.3.1.133, Papaver somniferum (Opium poppy), 113339843, shikimate O-hydroxycinnamoyltransferase-like, 
KO:K13065, EC:2.3.1.133, Papaver somniferum (Opium poppy), 113274602, shikimate O-hydroxycinnamoyltransferase-like, KO:K13065, EC:2.3.1.133, 
Papaver somniferum (Opium poppy), 113280362, tryptamine hydroxycinnamoyltransferase 2-like, KO:K13065, EC:2.3.1.133, Papaver somniferum (Opium poppy), 113300250, 
salutaridinol 7-O-acetyltransferase-like, KO:K13065, EC:2.3.1.133, Papaver somniferum (Opium poppy), 113326230, vinorine synthase-like, KO:K13065, 
EC:2.3.1.133, Papaver somniferum (Opium poppy), 113280397, vinorine synthase-like, KO:K13065, EC:2.3.1.133, Papaver somniferum (Opium poppy), 
113290913, tryptamine hydroxycinnamoyltransferase 2-like, KO:K13065, EC:2.3.1.133, Papaver somniferum (Opium poppy), 113326985, salutaridinol 7-O-acetyltransferase-like, 
KO:K13065, EC:2.3.1.133, Papaver somniferum (Opium poppy), 113273211, vinorine synthase-like, KO:K13065, EC:2.3.1.133, 
Papaver somniferum (Opium poppy), 113326378, vinorine synthase-like, KO:K13065, EC:2.3.1.133, Papaver somniferum (Opium poppy), 113340083, 
salutaridinol 7-O-acetyltransferase-like, KO:K13065, EC:2.3.1.133, Papaver somniferum (Opium poppy), 113340336, vinorine synthase-like, KO:K13065, 
EC:2.3.1.133, Papaver somniferum (Opium poppy), 113272205, vinorine synthase-like, KO:K13065, EC:2.3.1.133, Papaver somniferum (Opium poppy), 
113272218, vinorine synthase-like, KO:K13065, EC:2.3.1.133, Papaver somniferum (Opium poppy), 113280602, agmatine hydroxycinnamoyltransferase 1-like, 
KO:K13065, EC:2.3.1.133, Papaver somniferum (Opium poppy), 113280603, agmatine coumaroyltransferase-2-like, KO:K13065, EC:2.3.1.133, 
Papaver somniferum (Opium poppy), 113278289, shikimate O-hydroxycinnamoyltransferase-like, KO:K13065, EC:2.3.1.133, Papaver somniferum (Opium poppy), 113280708, 
agmatine coumaroyltransferase-2-like, KO:K13065, EC:2.3.1.133, Papaver somniferum (Opium poppy), 113299341, shikimate O-hydroxycinnamoyltransferase-like, KO:K13065, 
EC:2.3.1.133, Papaver somniferum (Opium poppy), 113326615, salutaridinol 7-O-acetyltransferase-like, KO:K13065, EC:2.3.1.133, Papaver somniferum (Opium poppy), 
113280790, agmatine coumaroyltransferase-2-like, KO:K13065, EC:2.3.1.133, Papaver somniferum (Opium poppy), 113280793, agmatine coumaroyltransferase-2-like, 
KO:K13065, EC:2.3.1.133, Papaver somniferum (Opium poppy), 113280794, agmatine coumaroyltransferase-2-like, KO:K13065, EC:2.3.1.133, 
Papaver somniferum (Opium poppy), 113280796, agmatine hydroxycinnamoyltransferase 1-like, KO:K13065, EC:2.3.1.133, Papaver somniferum (Opium poppy), 113280797, 
agmatine coumaroyltransferase-2-like, KO:K13065, EC:2.3.1.133, Papaver somniferum (Opium poppy), 113280799, agmatine coumaroyltransferase-2-like, KO:K13065, 
EC:2.3.1.133, Papaver somniferum (Opium poppy), 113303870, salutaridinol 7-O-acetyltransferase-like, KO:K13065, EC:2.3.1.133, Papaver somniferum (Opium poppy), 
113305142, tryptamine hydroxycinnamoyltransferase 1-like, KO:K13065, EC:2.3.1.133, Papaver somniferum (Opium poppy), 113305154, tryptamine hydroxycinnamoyltransferase 2-like, 
KO:K13065, EC:2.3.1.133, Papaver somniferum (Opium poppy), 113335146, salutaridinol 7-O-acetyltransferase-like, KO:K13065, EC:2.3.1.133, 
Papaver somniferum (Opium poppy), 113339653, salutaridinol 7-O-acetyltransferase-like, KO:K13065, EC:2.3.1.133, Papaver somniferum (Opium poppy), 113341730, 
shikimate O-hydroxycinnamoyltransferase-like, KO:K13065, EC:2.3.1.133, Papaver somniferum (Opium poppy), 113342669, shikimate O-hydroxycinnamoyltransferase-like, KO:K13065, 
EC:2.3.1.133, Papaver somniferum (Opium poppy), 113273664, salutaridinol 7-O-acetyltransferase-like, KO:K13065, EC:2.3.1.133, Papaver somniferum (Opium poppy), 
113282011, tryptamine hydroxycinnamoyltransferase 1-like, KO:K13065, EC:2.3.1.133, Papaver somniferum (Opium poppy), 113339698, salutaridinol 7-O-acetyltransferase-like, 
KO:K13065, EC:2.3.1.133, Papaver somniferum (Opium poppy), 113339708, salutaridinol 7-O-acetyltransferase-like, KO:K13065, EC:2.3.1.133, 
Papaver somniferum (Opium poppy), 113287953, tryptamine hydroxycinnamoyltransferase 1-like, KO:K13065, EC:2.3.1.133, Papaver somniferum (Opium poppy), 113287955, 
tryptamine hydroxycinnamoyltransferase 2-like, KO:K13065, EC:2.3.1.133, Papaver somniferum (Opium poppy), 113353521, vinorine synthase-like, KO:K13065, 
EC:2.3.1.133, Papaver somniferum (Opium poppy), 113360182, tryptamine hydroxycinnamoyltransferase 1-like, KO:K13065, EC:2.3.1.133, Papaver somniferum (Opium poppy), 
113347460, salutaridinol 7-O-acetyltransferase-like, KO:K13065, EC:2.3.1.133, Papaver somniferum (Opium poppy), 113352341, agmatine hydroxycinnamoyltransferase 1-like, 
KO:K13065, EC:2.3.1.133, Papaver somniferum (Opium poppy), 113351314, vinorine synthase-like, KO:K13065, EC:2.3.1.133, 
Papaver somniferum (Opium poppy), 113351316, vinorine synthase-like, KO:K13065, EC:2.3.1.133, Papaver somniferum (Opium poppy), 113360513, 
salutaridinol 7-O-acetyltransferase-like, KO:K13065, EC:2.3.1.133, Papaver somniferum (Opium poppy), 113352615, vinorine synthase-like, KO:K13065, 
EC:2.3.1.133, Papaver somniferum (Opium poppy), 113352616, salutaridinol 7-O-acetyltransferase-like, KO:K13065, EC:2.3.1.133, Papaver somniferum (Opium poppy), 
113362825, vinorine synthase-like, KO:K13065, EC:2.3.1.133, Papaver somniferum (Opium poppy), 113352701, shikimate O-hydroxycinnamoyltransferase-like, 
KO:K13065, EC:2.3.1.133, Papaver somniferum (Opium poppy), 113360788, salutaridinol 7-O-acetyltransferase-like, KO:K13065, EC:2.3.1.133, 
Papaver somniferum (Opium poppy), 113358604, shikimate O-hydroxycinnamoyltransferase-like, KO:K13065, EC:2.3.1.133, Papaver somniferum (Opium poppy), 113298939, 
cytochrome P450 98A2-like, KO:K09754, EC:1.14.14.96, Papaver somniferum (Opium poppy), 113358675, cytochrome P450 98A2-like, KO:K09754, 
EC:1.14.14.96, Papaver somniferum (Opium poppy), 113345418, caffeoylshikimate esterase-like isoform X1, KO:K18368, EC:3.1.1.-, Papaver somniferum (Opium poppy), 
113304020, caffeoylshikimate esterase-like, KO:K18368, EC:3.1.1.-, Papaver somniferum (Opium poppy), 113271403, caffeoylshikimate esterase-like, 
KO:K18368, EC:3.1.1.-, Papaver somniferum (Opium poppy), 113281328, caffeoylshikimate esterase-like, KO:K18368, EC:3.1.1.-, 
Papaver somniferum (Opium poppy), 113355157, caffeoylshikimate esterase-like, KO:K18368, EC:3.1.1.-, Papaver somniferum (Opium poppy), 113282032, 
caffeoylshikimate esterase-like isoform X1, KO:K18368, EC:3.1.1.-, Papaver somniferum (Opium poppy), 113275588, caffeoylshikimate esterase-like, KO:K18368, 
EC:3.1.1.-, Papaver somniferum (Opium poppy), 113335817, probable caffeoyl-CoA O-methyltransferase At4g26220, KO:K00588, EC:2.1.1.104, Papaver somniferum (Opium poppy), 
113277235, probable caffeoyl-CoA O-methyltransferase At4g26220, KO:K00588, EC:2.1.1.104, Papaver somniferum (Opium poppy), 113289540, caffeoyl-CoA O-methyltransferase, 
KO:K00588, EC:2.1.1.104, Papaver somniferum (Opium poppy), 113335757, probable caffeoyl-CoA O-methyltransferase At4g26220, KO:K00588, EC:2.1.1.104, 
Papaver somniferum (Opium poppy), 113298021, caffeoyl-CoA O-methyltransferase-like, KO:K00588, EC:2.1.1.104, Papaver somniferum (Opium poppy), 113352189, 
probable caffeoyl-CoA O-methyltransferase At4g26220, KO:K00588, EC:2.1.1.104, Papaver somniferum (Opium poppy), 113349410, probable caffeoyl-CoA O-methyltransferase At4g26220, KO:K00588, 
EC:2.1.1.104, Papaver somniferum (Opium poppy), 113349416, probable caffeoyl-CoA O-methyltransferase At4g26220, KO:K00588, EC:2.1.1.104, Papaver somniferum (Opium poppy), 
113349417, probable caffeoyl-CoA O-methyltransferase At4g26220, KO:K00588, EC:2.1.1.104, Papaver somniferum (Opium poppy), 113349418, probable caffeoyl-CoA O-methyltransferase At4g26220, 
KO:K00588, EC:2.1.1.104, Papaver somniferum (Opium poppy), 113347633, probable caffeoyl-CoA O-methyltransferase At4g26220 isoform X1, KO:K00588, EC:2.1.1.104, 
Papaver somniferum (Opium poppy), 113347951, probable caffeoyl-CoA O-methyltransferase At4g26220, KO:K00588, EC:2.1.1.104, Papaver somniferum (Opium poppy), 113347957, 
probable caffeoyl-CoA O-methyltransferase At4g26220 isoform X1, KO:K00588, EC:2.1.1.104, Papaver somniferum (Opium poppy), 113347958, probable caffeoyl-CoA O-methyltransferase At4g26220, KO:K00588, 
EC:2.1.1.104, Papaver somniferum (Opium poppy), 113347959, probable caffeoyl-CoA O-methyltransferase At4g26220, KO:K00588, EC:2.1.1.104, Papaver somniferum (Opium poppy), 
113354106, probable caffeoyl-CoA O-methyltransferase At4g26220, KO:K00588, EC:2.1.1.104, Papaver somniferum (Opium poppy), 113315025, cinnamoyl-CoA reductase 1-like, 
KO:K09753, EC:1.2.1.44, Papaver somniferum (Opium poppy), 113330151, cinnamoyl-CoA reductase 1-like, KO:K09753, EC:1.2.1.44, 
Papaver somniferum (Opium poppy), 113321830, cinnamoyl-CoA reductase 1-like isoform X1, KO:K09753, EC:1.2.1.44, Papaver somniferum (Opium poppy), 113310297, 
cinnamoyl-CoA reductase 1-like, KO:K09753, EC:1.2.1.44, Papaver somniferum (Opium poppy), 113329997, cinnamoyl-CoA reductase 1-like, KO:K09753, 
EC:1.2.1.44, Papaver somniferum (Opium poppy), 113348310, aldehyde dehydrogenase family 2 member C4-like, KO:K12355, EC:1.2.1.68, Papaver somniferum (Opium poppy), 
113349051, aldehyde dehydrogenase family 2 member C4-like, KO:K12355, EC:1.2.1.68, Papaver somniferum (Opium poppy), 113349052, aldehyde dehydrogenase family 2 member C4-like, 
KO:K12355, EC:1.2.1.68, Papaver somniferum (Opium poppy), 113348311, aldehyde dehydrogenase family 2 member C4-like, KO:K12355, EC:1.2.1.68, 
Papaver somniferum (Opium poppy), 113346262, caffeic acid 3-O-methyltransferase-like isoform X1, KO:K13066, EC:2.1.1.68, Papaver somniferum (Opium poppy), 113326813, 
caffeic acid 3-O-methyltransferase 1-like, KO:K13066, EC:2.1.1.68, Papaver somniferum (Opium poppy), 113288498, caffeic acid 3-O-methyltransferase-like, KO:K13066, 
EC:2.1.1.68, Papaver somniferum (Opium poppy), 113346520, caffeic acid 3-O-methyltransferase-like isoform X1, KO:K13066, EC:2.1.1.68, Papaver somniferum (Opium poppy), 
113332502, caffeic acid 3-O-methyltransferase 1-like, KO:K13066, EC:2.1.1.68, Papaver somniferum (Opium poppy), 113286544, caffeic acid 3-O-methyltransferase-like, 
KO:K13066, EC:2.1.1.68, Papaver somniferum (Opium poppy), 113341805, caffeic acid 3-O-methyltransferase-like, KO:K13066, EC:2.1.1.68, 
Papaver somniferum (Opium poppy), 113301638, probable cinnamyl alcohol dehydrogenase 1, KO:K00083, EC:1.1.1.195, Papaver somniferum (Opium poppy), 113297514, 
probable cinnamyl alcohol dehydrogenase 1, KO:K00083, EC:1.1.1.195, Papaver somniferum (Opium poppy), 113293066, probable cinnamyl alcohol dehydrogenase 1, KO:K00083, 
EC:1.1.1.195, Papaver somniferum (Opium poppy), 113288982, probable cinnamyl alcohol dehydrogenase 6, KO:K00083, EC:1.1.1.195, Papaver somniferum (Opium poppy), 
113291213, probable cinnamyl alcohol dehydrogenase 6, KO:K00083, EC:1.1.1.195, Papaver somniferum (Opium poppy), 113288983, probable cinnamyl alcohol dehydrogenase 6, 
KO:K00083, EC:1.1.1.195, Papaver somniferum (Opium poppy), 113328953, berberine bridge enzyme-like 15, KO:K22395, EC:1.1.1.195, 
Papaver somniferum (Opium poppy), 113275371, berberine bridge enzyme-like 24, KO:K22395, EC:1.1.1.195, Papaver somniferum (Opium poppy), 113277234, 
berberine bridge enzyme-like 22, KO:K22395, EC:1.1.1.195, Papaver somniferum (Opium poppy), 113342786, berberine bridge enzyme-like 15, KO:K22395, 
EC:1.1.1.195, Papaver somniferum (Opium poppy), 113303200, berberine bridge enzyme-like 8, KO:K22395, EC:1.1.1.195, Papaver somniferum (Opium poppy), 
113304726, berberine bridge enzyme-like 13, KO:K22395, EC:1.1.1.195, Papaver somniferum (Opium poppy), 113326477, berberine bridge enzyme-like 22, 
KO:K22395, EC:1.1.1.195, Papaver somniferum (Opium poppy), 113332656, 1-Cys peroxiredoxin-like, KO:K11188, EC:1.11.1.7 1.11.1.27 3.1.1.-, 
Papaver somniferum (Opium poppy), 113335174, 1-Cys peroxiredoxin-like, KO:K11188, EC:1.11.1.7 1.11.1.27 3.1.1.-, Papaver somniferum (Opium poppy), 113352994, 
1-Cys peroxiredoxin-like, KO:K11188, EC:1.11.1.7 1.11.1.27 3.1.1.-, Papaver somniferum (Opium poppy), 113317592, peroxidase 55-like isoform X1, KO:K00430, 
EC:1.11.1.7, Papaver somniferum (Opium poppy), 113317634, peroxidase 5-like, KO:K00430, EC:1.11.1.7, Papaver somniferum (Opium poppy), 
113304738, putative Peroxidase 48, KO:K00430, EC:1.11.1.7, Papaver somniferum (Opium poppy), 113332124, peroxidase 72-like, 
KO:K00430, EC:1.11.1.7, Papaver somniferum (Opium poppy), 113332801, peroxidase 5-like, KO:K00430, EC:1.11.1.7, 
Papaver somniferum (Opium poppy), 113293411, peroxidase P7-like, KO:K00430, EC:1.11.1.7, Papaver somniferum (Opium poppy), 113293417, 
peroxidase P7-like, KO:K00430, EC:1.11.1.7, Papaver somniferum (Opium poppy), 113320663, cationic peroxidase 1-like, KO:K00430, 
EC:1.11.1.7, Papaver somniferum (Opium poppy), 113322358, cationic peroxidase 1-like, KO:K00430, EC:1.11.1.7, Papaver somniferum (Opium poppy), 
113322360, cationic peroxidase 1-like isoform X1, KO:K00430, EC:1.11.1.7, Papaver somniferum (Opium poppy), 113322361, cationic peroxidase 1-like, 
KO:K00430, EC:1.11.1.7, Papaver somniferum (Opium poppy), 113330539, peroxidase 12-like, KO:K00430, EC:1.11.1.7, 
Papaver somniferum (Opium poppy), 113306874, peroxidase 5-like, KO:K00430, EC:1.11.1.7, Papaver somniferum (Opium poppy), 113321022, 
peroxidase P7-like, KO:K00430, EC:1.11.1.7, Papaver somniferum (Opium poppy), 113321023, cationic peroxidase 1-like, KO:K00430, 
EC:1.11.1.7, Papaver somniferum (Opium poppy), 113313912, peroxidase N-like, KO:K00430, EC:1.11.1.7, Papaver somniferum (Opium poppy), 
113273402, peroxidase 66-like, KO:K00430, EC:1.11.1.7, Papaver somniferum (Opium poppy), 113278210, peroxidase 70-like, 
KO:K00430, EC:1.11.1.7, Papaver somniferum (Opium poppy), 113272639, cationic peroxidase 2-like, KO:K00430, EC:1.11.1.7, 
Papaver somniferum (Opium poppy), 113330699, peroxidase 12-like, KO:K00430, EC:1.11.1.7, Papaver somniferum (Opium poppy), 113279576, 
peroxidase 46-like, KO:K00430, EC:1.11.1.7, Papaver somniferum (Opium poppy), 113284327, peroxidase 47-like, KO:K00430, 
EC:1.11.1.7, Papaver somniferum (Opium poppy), 113286420, cationic peroxidase 1-like, KO:K00430, EC:1.11.1.7, Papaver somniferum (Opium poppy), 
113286444, probable peroxidase 61, KO:K00430, EC:1.11.1.7, Papaver somniferum (Opium poppy), 113283461, peroxidase 51-like, 
KO:K00430, EC:1.11.1.7, Papaver somniferum (Opium poppy), 113283462, peroxidase 35-like isoform X1, KO:K00430, EC:1.11.1.7, 
Papaver somniferum (Opium poppy), 113283463, peroxidase 73-like, KO:K00430, EC:1.11.1.7, Papaver somniferum (Opium poppy), 113277505, 
cationic peroxidase 2-like, KO:K00430, EC:1.11.1.7, Papaver somniferum (Opium poppy), 113283758, peroxidase 4-like, KO:K00430, 
EC:1.11.1.7, Papaver somniferum (Opium poppy), 113285741, peroxidase 3-like, KO:K00430, EC:1.11.1.7, Papaver somniferum (Opium poppy), 
113302497, peroxidase 66-like, KO:K00430, EC:1.11.1.7, Papaver somniferum (Opium poppy), 113309947, peroxidase 72-like, 
KO:K00430, EC:1.11.1.7, Papaver somniferum (Opium poppy), 113310758, cationic peroxidase 1-like, KO:K00430, EC:1.11.1.7, 
Papaver somniferum (Opium poppy), 113310759, cationic peroxidase 1-like, KO:K00430, EC:1.11.1.7, Papaver somniferum (Opium poppy), 113310769, 
peroxidase 21-like, KO:K00430, EC:1.11.1.7, Papaver somniferum (Opium poppy), 113314258, cationic peroxidase 1-like, KO:K00430, 
EC:1.11.1.7, Papaver somniferum (Opium poppy), 113317226, peroxidase 7-like, KO:K00430, EC:1.11.1.7, Papaver somniferum (Opium poppy), 
113317255, peroxidase P7-like, KO:K00430, EC:1.11.1.7, Papaver somniferum (Opium poppy), 113326561, peroxidase 5-like, 
KO:K00430, EC:1.11.1.7, Papaver somniferum (Opium poppy), 113319624, peroxidase 31-like, KO:K00430, EC:1.11.1.7, 
Papaver somniferum (Opium poppy), 113319645, peroxidase 11-like, KO:K00430, EC:1.11.1.7, Papaver somniferum (Opium poppy), 113321219, 
peroxidase 29-like, KO:K00430, EC:1.11.1.7, Papaver somniferum (Opium poppy), 113322362, cationic peroxidase 1-like, KO:K00430, 
EC:1.11.1.7, Papaver somniferum (Opium poppy), 113322363, cationic peroxidase 1-like, KO:K00430, EC:1.11.1.7, Papaver somniferum (Opium poppy), 
113322421, cationic peroxidase 1-like, KO:K00430, EC:1.11.1.7, Papaver somniferum (Opium poppy), 113322422, cationic peroxidase 1-like, 
KO:K00430, EC:1.11.1.7, Papaver somniferum (Opium poppy), 113322424, cationic peroxidase 1-like, KO:K00430, EC:1.11.1.7, 
Papaver somniferum (Opium poppy), 113322425, cationic peroxidase 1-like, KO:K00430, EC:1.11.1.7, Papaver somniferum (Opium poppy), 113318116, 
peroxidase 27-like, KO:K00430, EC:1.11.1.7, Papaver somniferum (Opium poppy), 113343623, peroxidase 31-like, KO:K00430, 
EC:1.11.1.7, Papaver somniferum (Opium poppy), 113332567, peroxidase 5-like, KO:K00430, EC:1.11.1.7, Papaver somniferum (Opium poppy), 
113274740, peroxidase 27-like, KO:K00430, EC:1.11.1.7, Papaver somniferum (Opium poppy), 113333958, peroxidase 40-like, 
KO:K00430, EC:1.11.1.7, Papaver somniferum (Opium poppy), 113334017, peroxidase 41-like, KO:K00430, EC:1.11.1.7, 
Papaver somniferum (Opium poppy), 113334123, peroxidase 19, KO:K00430, EC:1.11.1.7, Papaver somniferum (Opium poppy), 113334365, 
peroxidase 29-like, KO:K00430, EC:1.11.1.7, Papaver somniferum (Opium poppy), 113331183, peroxidase 7-like, KO:K00430, 
EC:1.11.1.7, Papaver somniferum (Opium poppy), 113331195, peroxidase 55-like isoform X1, KO:K00430, EC:1.11.1.7, Papaver somniferum (Opium poppy), 
113271527, peroxidase 43-like isoform X1, KO:K00430, EC:1.11.1.7, Papaver somniferum (Opium poppy), 113339968, peroxidase 3-like, 
KO:K00430, EC:1.11.1.7, Papaver somniferum (Opium poppy), 113340251, peroxidase 3-like, KO:K00430, EC:1.11.1.7, 
Papaver somniferum (Opium poppy), 113277888, peroxidase 57-like, KO:K00430, EC:1.11.1.7, Papaver somniferum (Opium poppy), 113277889, 
peroxidase 44-like, KO:K00430, EC:1.11.1.7, Papaver somniferum (Opium poppy), 113272373, cationic peroxidase 2-like, KO:K00430, 
EC:1.11.1.7, Papaver somniferum (Opium poppy), 113281463, peroxidase 55-like, KO:K00430, EC:1.11.1.7, Papaver somniferum (Opium poppy), 
113282663, peroxidase 9-like, KO:K00430, EC:1.11.1.7, Papaver somniferum (Opium poppy), 113292749, peroxidase 27-like, 
KO:K00430, EC:1.11.1.7, Papaver somniferum (Opium poppy), 113295524, peroxidase-like, KO:K00430, EC:1.11.1.7, 
Papaver somniferum (Opium poppy), 113291226, peroxidase 64-like, KO:K00430, EC:1.11.1.7, Papaver somniferum (Opium poppy), 113293099, 
peroxidase 60-like, KO:K00430, EC:1.11.1.7, Papaver somniferum (Opium poppy), 113293128, peroxidase 60-like, KO:K00430, 
EC:1.11.1.7, Papaver somniferum (Opium poppy), 113293130, peroxidase 60-like, KO:K00430, EC:1.11.1.7, Papaver somniferum (Opium poppy), 
113299807, peroxidase 27-like, KO:K00430, EC:1.11.1.7, Papaver somniferum (Opium poppy), 113304295, peroxidase 27-like, 
KO:K00430, EC:1.11.1.7, Papaver somniferum (Opium poppy), 113300138, peroxidase 5-like, KO:K00430, EC:1.11.1.7, 
Papaver somniferum (Opium poppy), 113324162, cationic peroxidase 1-like, KO:K00430, EC:1.11.1.7, Papaver somniferum (Opium poppy), 113302568, 
peroxidase 5-like, KO:K00430, EC:1.11.1.7, Papaver somniferum (Opium poppy), 113306718, peroxidase 66-like, KO:K00430, 
EC:1.11.1.7, Papaver somniferum (Opium poppy), 113315211, peroxidase 55-like isoform X1, KO:K00430, EC:1.11.1.7, Papaver somniferum (Opium poppy), 
113320406, peroxidase 27-like, KO:K00430, EC:1.11.1.7, Papaver somniferum (Opium poppy), 113311450, cationic peroxidase 1-like, 
KO:K00430, EC:1.11.1.7, Papaver somniferum (Opium poppy), 113313764, cationic peroxidase 1-like, KO:K00430, EC:1.11.1.7, 
Papaver somniferum (Opium poppy), 113315515, probable peroxidase 61, KO:K00430, EC:1.11.1.7, Papaver somniferum (Opium poppy), 113325075, 
peroxidase 60-like, KO:K00430, EC:1.11.1.7, Papaver somniferum (Opium poppy), 113333466, peroxidase 39-like, KO:K00430, 
EC:1.11.1.7, Papaver somniferum (Opium poppy), 113334042, peroxidase 40-like, KO:K00430, EC:1.11.1.7, Papaver somniferum (Opium poppy), 
113334209, peroxidase 40-like, KO:K00430, EC:1.11.1.7, Papaver somniferum (Opium poppy), 113277997, peroxidase 60-like, 
KO:K00430, EC:1.11.1.7, Papaver somniferum (Opium poppy), 113317320, peroxidase 60-like, KO:K00430, EC:1.11.1.7, 
Papaver somniferum (Opium poppy), 113334452, peroxidase 57-like, KO:K00430, EC:1.11.1.7, Papaver somniferum (Opium poppy), 113288702, 
peroxidase 72-like, KO:K00430, EC:1.11.1.7, Papaver somniferum (Opium poppy), 113292816, peroxidase 27-like, KO:K00430, 
EC:1.11.1.7, Papaver somniferum (Opium poppy), 113340924, peroxidase 25-like, KO:K00430, EC:1.11.1.7, Papaver somniferum (Opium poppy), 
113341731, peroxidase 57-like, KO:K00430, EC:1.11.1.7, Papaver somniferum (Opium poppy), 113276361, peroxidase 31-like, 
KO:K00430, EC:1.11.1.7, Papaver somniferum (Opium poppy), 113278465, peroxidase 47-like, KO:K00430, EC:1.11.1.7, 
Papaver somniferum (Opium poppy), 113278492, peroxidase 31-like, KO:K00430, EC:1.11.1.7, Papaver somniferum (Opium poppy), 113274167, 
peroxidase 66-like, KO:K00430, EC:1.11.1.7, Papaver somniferum (Opium poppy), 113274168, peroxidase 66-like, KO:K00430, 
EC:1.11.1.7, Papaver somniferum (Opium poppy), 113281195, peroxidase 43-like isoform X1, KO:K00430, EC:1.11.1.7, Papaver somniferum (Opium poppy), 
113282759, peroxidase 40-like, KO:K00430, EC:1.11.1.7, Papaver somniferum (Opium poppy), 113303608, peroxidase 57-like, 
KO:K00430, EC:1.11.1.7, Papaver somniferum (Opium poppy), 113279716, peroxidase 57-like, KO:K00430, EC:1.11.1.7, 
Papaver somniferum (Opium poppy), 113287857, peroxidase 39-like, KO:K00430, EC:1.11.1.7, Papaver somniferum (Opium poppy), 113288987, 
peroxidase 64-like, KO:K00430, EC:1.11.1.7, Papaver somniferum (Opium poppy), 113312081, peroxidase 17-like, KO:K00430, 
EC:1.11.1.7, Papaver somniferum (Opium poppy), 113304374, peroxidase 3-like, KO:K00430, EC:1.11.1.7, Papaver somniferum (Opium poppy), 
113292585, peroxidase 11-like, KO:K00430, EC:1.11.1.7, Papaver somniferum (Opium poppy), 113314110, peroxidase P7-like, 
KO:K00430, EC:1.11.1.7, Papaver somniferum (Opium poppy), 113331421, peroxidase 55-like isoform X1, KO:K00430, EC:1.11.1.7, 
Papaver somniferum (Opium poppy), 113340300, peroxidase 3-like, KO:K00430, EC:1.11.1.7, Papaver somniferum (Opium poppy), 113308243, 
peroxidase 44-like isoform X1, KO:K00430, EC:1.11.1.7, Papaver somniferum (Opium poppy), 113320568, peroxidase 4-like, KO:K00430, 
EC:1.11.1.7, Papaver somniferum (Opium poppy), 113320569, peroxidase P7-like, KO:K00430, EC:1.11.1.7, Papaver somniferum (Opium poppy), 
113335618, peroxidase 57-like, KO:K00430, EC:1.11.1.7, Papaver somniferum (Opium poppy), 113273358, uncharacterized protein LOC113273358, 
KO:K00430, EC:1.11.1.7, Papaver somniferum (Opium poppy), 113318852, peroxidase 55-like isoform X1, KO:K00430, EC:1.11.1.7, 
Papaver somniferum (Opium poppy), 113339075, peroxidase P7-like, KO:K00430, EC:1.11.1.7, Papaver somniferum (Opium poppy), 113329634, 
peroxidase 72-like, KO:K00430, EC:1.11.1.7, Papaver somniferum (Opium poppy), 113330431, peroxidase 12-like, KO:K00430, 
EC:1.11.1.7, Papaver somniferum (Opium poppy), 113323081, peroxidase 3-like, KO:K00430, EC:1.11.1.7, Papaver somniferum (Opium poppy), 
113323101, cationic peroxidase 1-like, KO:K00430, EC:1.11.1.7, Papaver somniferum (Opium poppy), 113323102, cationic peroxidase 1-like, 
KO:K00430, EC:1.11.1.7, Papaver somniferum (Opium poppy), 113323113, peroxidase A2-like, KO:K00430, EC:1.11.1.7, 
Papaver somniferum (Opium poppy), 113330153, peroxidase 29-like, KO:K00430, EC:1.11.1.7, Papaver somniferum (Opium poppy), 113342478, 
peroxidase 72-like, KO:K00430, EC:1.11.1.7, Papaver somniferum (Opium poppy), 113338068, putative Peroxidase 48, KO:K00430, 
EC:1.11.1.7, Papaver somniferum (Opium poppy), 113292890, peroxidase 57-like, KO:K00430, EC:1.11.1.7, Papaver somniferum (Opium poppy), 
113292898, peroxidase 57-like, KO:K00430, EC:1.11.1.7, Papaver somniferum (Opium poppy), 113345365, peroxidase 39-like, 
KO:K00430, EC:1.11.1.7, Papaver somniferum (Opium poppy), 113345456, peroxidase 24-like, KO:K00430, EC:1.11.1.7, 
Papaver somniferum (Opium poppy), 113286759, peroxidase 17-like, KO:K00430, EC:1.11.1.7, Papaver somniferum (Opium poppy), 113274285, 
peroxidase 55-like, KO:K00430, EC:1.11.1.7, Papaver somniferum (Opium poppy), 113279272, peroxidase 24-like, KO:K00430, 
EC:1.11.1.7, Papaver somniferum (Opium poppy), 113297980, peroxidase 65-like, KO:K00430, EC:1.11.1.7, Papaver somniferum (Opium poppy), 
113299281, peroxidase 16-like, KO:K00430, EC:1.11.1.7, Papaver somniferum (Opium poppy), 113300614, peroxidase 27-like, 
KO:K00430, EC:1.11.1.7, Papaver somniferum (Opium poppy), 113303662, peroxidase P7-like, KO:K00430, EC:1.11.1.7, 
Papaver somniferum (Opium poppy), 113303722, peroxidase 27-like, KO:K00430, EC:1.11.1.7, Papaver somniferum (Opium poppy), 113304968, 
peroxidase 66-like, KO:K00430, EC:1.11.1.7, Papaver somniferum (Opium poppy), 113305003, peroxidase 42-like, KO:K00430, 
EC:1.11.1.7, Papaver somniferum (Opium poppy), 113306175, peroxidase 40-like, KO:K00430, EC:1.11.1.7, Papaver somniferum (Opium poppy), 
113306216, peroxidase-like, KO:K00430, EC:1.11.1.7, Papaver somniferum (Opium poppy), 113307952, cationic peroxidase 1-like, 
KO:K00430, EC:1.11.1.7, Papaver somniferum (Opium poppy), 113273756, peroxidase N1-like, KO:K00430, EC:1.11.1.7, 
Papaver somniferum (Opium poppy), 113273770, peroxidase 5-like, KO:K00430, EC:1.11.1.7, Papaver somniferum (Opium poppy), 113287935, 
peroxidase 42-like, KO:K00430, EC:1.11.1.7, Papaver somniferum (Opium poppy), 113295973, peroxidase 40-like, KO:K00430, 
EC:1.11.1.7, Papaver somniferum (Opium poppy), 113305397, peroxidase 5-like, KO:K00430, EC:1.11.1.7, Papaver somniferum (Opium poppy), 
113353546, cationic peroxidase 1-like, KO:K00430, EC:1.11.1.7, Papaver somniferum (Opium poppy), 113361700, peroxidase 10-like, 
KO:K00430, EC:1.11.1.7, Papaver somniferum (Opium poppy), 113361730, peroxidase 56-like, KO:K00430, EC:1.11.1.7, 
Papaver somniferum (Opium poppy), 113347500, cationic peroxidase 2-like, KO:K00430, EC:1.11.1.7, Papaver somniferum (Opium poppy), 113355792, 
peroxidase 25-like, KO:K00430, EC:1.11.1.7, Papaver somniferum (Opium poppy), 113362127, peroxidase 60-like, KO:K00430, 
EC:1.11.1.7, Papaver somniferum (Opium poppy), 113362128, peroxidase 60-like, KO:K00430, EC:1.11.1.7, Papaver somniferum (Opium poppy), 
113352631, peroxidase 12-like, KO:K00430, EC:1.11.1.7, Papaver somniferum (Opium poppy), 113360954, peroxidase 24-like, 
KO:K00430, EC:1.11.1.7, Papaver somniferum (Opium poppy), 113360955, peroxidase 24-like, KO:K00430, EC:1.11.1.7, 
Papaver somniferum (Opium poppy), 113360957, peroxidase 24-like, KO:K00430, EC:1.11.1.7, Papaver somniferum (Opium poppy), 113360958, 
peroxidase 24-like, KO:K00430, EC:1.11.1.7, Papaver somniferum (Opium poppy), 113348280, peroxidase 3-like, KO:K00430, 
EC:1.11.1.7, Papaver somniferum (Opium poppy), 113351909, putative Peroxidase 48, KO:K00430, EC:1.11.1.7, Papaver somniferum (Opium poppy), 
113353079, peroxidase 72-like, KO:K00430, EC:1.11.1.7, Papaver somniferum (Opium poppy), 113353128, peroxidase 72-like, 
KO:K00430, EC:1.11.1.7, Papaver somniferum (Opium poppy), 113353147, peroxidase 72-like, KO:K00430, EC:1.11.1.7, 
Papaver somniferum (Opium poppy), 113353172, cationic peroxidase 2-like, KO:K00430, EC:1.11.1.7, Papaver somniferum (Opium poppy), 113348405, 
peroxidase 20-like, KO:K00430, EC:1.11.1.7, Papaver somniferum (Opium poppy), 113357796, peroxidase 70-like, KO:K00430, 
EC:1.11.1.7, Papaver somniferum (Opium poppy), 113357801, peroxidase 4-like, KO:K00430, EC:1.11.1.7, Papaver somniferum (Opium poppy), 
113352237, peroxidase 44-like, KO:K00430, EC:1.11.1.7, Papaver somniferum (Opium poppy), 113357211, peroxidase 12-like, 
KO:K00430, EC:1.11.1.7, Papaver somniferum (Opium poppy), 113357212, peroxidase 12-like, KO:K00430, EC:1.11.1.7, 
Papaver somniferum (Opium poppy), 113357213, peroxidase 12-like, KO:K00430, EC:1.11.1.7, Papaver somniferum (Opium poppy), 113361011, 
peroxidase 47-like isoform X1, KO:K00430, EC:1.11.1.7, Papaver somniferum (Opium poppy), 113353194, peroxidase 27-like, KO:K00430, 
EC:1.11.1.7, Papaver somniferum (Opium poppy), 113353197, peroxidase 12-like, KO:K00430, EC:1.11.1.7, Papaver somniferum (Opium poppy), 
113353202, peroxidase 12-like, KO:K00430, EC:1.11.1.7, Papaver somniferum (Opium poppy), 113361403, peroxidase 35-like, 
KO:K00430, EC:1.11.1.7, Papaver somniferum (Opium poppy), 113361404, peroxidase 35-like, KO:K00430, EC:1.11.1.7, 
Papaver somniferum (Opium poppy), 113352109, cationic peroxidase 1-like, KO:K00430, EC:1.11.1.7, Papaver somniferum (Opium poppy), 113355498, 
peroxidase 47-like, KO:K00430, EC:1.11.1.7, Papaver somniferum (Opium poppy), 113356646, peroxidase 51-like isoform X1, KO:K00430, 
EC:1.11.1.7, Papaver somniferum (Opium poppy), 113359093, peroxidase 60-like, KO:K00430, EC:1.11.1.7, Papaver somniferum (Opium poppy), 
113361596, peroxidase 72-like, KO:K00430, EC:1.11.1.7, Papaver somniferum (Opium poppy), 113353792, probable peroxidase 61, 
KO:K00430, EC:1.11.1.7, Papaver somniferum (Opium poppy), 113353860, peroxidase 20-like, KO:K00430, EC:1.11.1.7, 
Papaver somniferum (Opium poppy), 113347696, peroxidase 43-like, KO:K00430, EC:1.11.1.7, Papaver somniferum (Opium poppy), 113358095, 
peroxidase 29-like, KO:K00430, EC:1.11.1.7, Papaver somniferum (Opium poppy), 113361985, peroxidase 16-like, KO:K00430, 
EC:1.11.1.7, Papaver somniferum (Opium poppy), 113361987, peroxidase 16-like, KO:K00430, EC:1.11.1.7, Papaver somniferum (Opium poppy), 
113362069, peroxidase 16-like, KO:K00430, EC:1.11.1.7, Papaver somniferum (Opium poppy), 113354422, peroxidase 27-like, 
KO:K00430, EC:1.11.1.7, Papaver somniferum (Opium poppy), 113358510, cationic peroxidase 1-like, KO:K00430, EC:1.11.1.7, 
Papaver somniferum (Opium poppy), 113353052, peroxidase 27-like, KO:K00430, EC:1.11.1.7, Papaver somniferum (Opium poppy), 113361174, 
peroxidase 9-like, KO:K00430, EC:1.11.1.7, Papaver somniferum (Opium poppy), 113361183, peroxidase 46-like, KO:K00430, 
EC:1.11.1.7, Papaver somniferum (Opium poppy), 113361190, peroxidase 5-like, KO:K00430, EC:1.11.1.7, Papaver somniferum (Opium poppy), 
113330715, UDP-glycosyltransferase 72E3-like, KO:K12356, EC:2.4.1.111, Papaver somniferum (Opium poppy), 113303951, beta-glucosidase 22-like isoform X1, 
KO:K01188, EC:3.2.1.21, Papaver somniferum (Opium poppy), 113313920, uncharacterized protein LOC113313920, KO:K05349, EC:3.2.1.21, 
Papaver somniferum (Opium poppy), 113320717, uncharacterized protein LOC113320717, KO:K05349, EC:3.2.1.21, Papaver somniferum (Opium poppy), 113322098, 
uncharacterized protein LOC113322098, KO:K05349, EC:3.2.1.21, Papaver somniferum (Opium poppy), 113322672, uncharacterized protein LOC113322672, KO:K05349, 
EC:3.2.1.21, Papaver somniferum (Opium poppy), 113312828, uncharacterized protein LOC113312828, KO:K05349, EC:3.2.1.21, Papaver somniferum (Opium poppy), 
113324160, uncharacterized protein LOC113324160, KO:K05349, EC:3.2.1.21, Papaver somniferum (Opium poppy), 113320844, uncharacterized protein LOC113320844, 
KO:K05349, EC:3.2.1.21, Papaver somniferum (Opium poppy), 113313701, uncharacterized protein LOC113313701, KO:K05349, EC:3.2.1.21, 
Papaver somniferum (Opium poppy), 113324497, uncharacterized protein LOC113324497, KO:K05349, EC:3.2.1.21, Papaver somniferum (Opium poppy), 113307901, 
uncharacterized protein LOC113307901 isoform X1, KO:K05349, EC:3.2.1.21, Papaver somniferum (Opium poppy), 113310978, uncharacterized protein LOC113310978, KO:K05349, 
EC:3.2.1.21, Papaver somniferum (Opium poppy), 113321427, uncharacterized protein LOC113321427, KO:K05349, EC:3.2.1.21, Papaver somniferum (Opium poppy), 
113310360, uncharacterized protein LOC113310360, KO:K05349, EC:3.2.1.21, Papaver somniferum (Opium poppy), 113328859, uncharacterized protein LOC113328859, 
KO:K05349, EC:3.2.1.21, Papaver somniferum (Opium poppy), 113344365, beta-glucosidase 1-like, KO:K05349, EC:3.2.1.21, 
Papaver somniferum (Opium poppy), 113308012, uncharacterized protein LOC113308012, KO:K05349, EC:3.2.1.21, Papaver somniferum (Opium poppy), 113294850, 
uncharacterized protein LOC113294850, KO:K05349, EC:3.2.1.21, Papaver somniferum (Opium poppy), 113308845, beta-glucosidase 44-like, KO:K05350, 
EC:3.2.1.21, Papaver somniferum (Opium poppy), 113303774, beta-glucosidase 44-like isoform X1, KO:K05350, EC:3.2.1.21, Papaver somniferum (Opium poppy), 
113326982, beta-glucosidase 44-like, KO:K05350, EC:3.2.1.21, Papaver somniferum (Opium poppy), 113340025, beta-glucosidase 44-like, 
KO:K05350, EC:3.2.1.21, Papaver somniferum (Opium poppy), 113297598, beta-glucosidase 44-like, KO:K05350, EC:3.2.1.21, 
Papaver somniferum (Opium poppy), 113326760, beta-glucosidase 43-like, KO:K05350, EC:3.2.1.21, Papaver somniferum (Opium poppy), 113301784, 
beta-glucosidase 44-like, KO:K05350, EC:3.2.1.21, Papaver somniferum (Opium poppy), 113318517, beta-glucosidase 46-like, KO:K05350, 
EC:3.2.1.21, Papaver somniferum (Opium poppy), 113322572, beta-glucosidase 44-like, KO:K05350, EC:3.2.1.21, Papaver somniferum (Opium poppy), 
113357972, beta-glucosidase 18-like, KO:K05350, EC:3.2.1.21, Papaver somniferum (Opium poppy), 113348704, beta-glucosidase 46-like, 
KO:K05350, EC:3.2.1.21, Papaver somniferum (Opium poppy), 113322279, UDP-glucose flavonoid 3-O-glucosyltransferase 7-like, KO:K23260, EC:2.4.1.128, 
Papaver somniferum (Opium poppy), 113289128, scopoletin glucosyltransferase-like, KO:K23260, EC:2.4.1.128, Papaver somniferum (Opium poppy), 113289130, 
scopoletin glucosyltransferase-like, KO:K23260, EC:2.4.1.128, Papaver somniferum (Opium poppy), 113289131, scopoletin glucosyltransferase-like, KO:K23260, 
EC:2.4.1.128, Papaver somniferum (Opium poppy), 113291424, scopoletin glucosyltransferase-like, KO:K23260, EC:2.4.1.128, Papaver somniferum (Opium poppy), 
113291425, scopoletin glucosyltransferase-like, KO:K23260, EC:2.4.1.128, Papaver somniferum (Opium poppy), 113311437, scopoletin glucosyltransferase-like, 
KO:K23260, EC:2.4.1.128, Papaver somniferum (Opium poppy), 113338632, scopoletin glucosyltransferase-like, KO:K23260, EC:2.4.1.128, 
Papaver somniferum (Opium poppy), 113346631, scopoletin glucosyltransferase-like, KO:K23260, EC:2.4.1.128, Papaver somniferum (Opium poppy), 113346637, 
scopoletin glucosyltransferase-like, KO:K23260, EC:2.4.1.128, Papaver somniferum (Opium poppy), 113292700, scopoletin glucosyltransferase-like, KO:K23260, 
EC:2.4.1.128, Papaver somniferum (Opium poppy), 113292710, scopoletin glucosyltransferase-like, KO:K23260, EC:2.4.1.128, Papaver somniferum (Opium poppy), 
113292719, scopoletin glucosyltransferase-like, KO:K23260, EC:2.4.1.128, Papaver somniferum (Opium poppy), 113292736, scopoletin glucosyltransferase-like, 
KO:K23260, EC:2.4.1.128, Papaver somniferum (Opium poppy), 113292745, scopoletin glucosyltransferase-like, KO:K23260, EC:2.4.1.128, 
Papaver somniferum (Opium poppy), 113292756, scopoletin glucosyltransferase-like, KO:K23260, EC:2.4.1.128, Papaver somniferum (Opium poppy), 113290159, 
scopoletin glucosyltransferase-like, KO:K23260, EC:2.4.1.128, Papaver somniferum (Opium poppy), 113338815, scopoletin glucosyltransferase-like, KO:K23260, 
EC:2.4.1.128, 
